client_id,district_id,age
1,18,23
2,1,48
3,1,53
4,5,37
5,5,33
6,12,74
7,15,64
8,51,55
9,60,58
10,57,50
11,57,43
12,40,12
13,54,19
14,76,51
15,21,75
16,21,74
17,76,59
18,76,62
19,47,51
20,46,14
21,12,41
22,1,24
23,1,20
24,43,54
25,21,54
26,74,24
27,54,27
28,1,48
29,30,42
30,74,36
31,68,31
32,52,13
33,73,45
36,7,15
37,7,23
38,36,20
39,68,25
40,5,36
41,22,25
42,68,58
43,75,73
44,38,16
45,20,41
46,19,53
47,76,59
48,16,53
49,72,34
50,39,15
51,36,14
52,32,69
53,64,16
55,45,45
56,21,33
57,21,32
58,1,66
59,1,36
60,67,13
61,16,45
62,77,61
63,4,34
64,20,67
65,50,50
66,1,42
67,29,61
68,43,47
70,70,68
71,70,66
72,47,70
73,22,69
74,22,68
75,64,16
76,36,26
77,1,37
78,16,49
79,37,24
80,64,14
81,8,17
82,8,14
83,1,15
84,1,14
85,1,32
86,1,24
87,72,47
89,1,42
90,52,18
91,63,53
92,74,27
93,3,68
94,43,46
95,43,41
96,74,21
97,26,28
98,33,20
99,33,20
100,44,51
101,68,50
102,74,35
103,74,38
105,31,13
106,68,25
107,1,21
108,17,30
110,2,26
112,1,58
113,1,53
114,74,24
115,74,24
116,74,51
117,74,57
118,55,71
119,55,71
120,1,17
121,41,15
122,35,30
123,11,24
124,44,26
125,37,57
126,37,64
127,21,43
128,63,20
129,64,46
130,53,51
131,53,16
132,36,40
134,6,61
135,6,55
136,55,72
137,60,70
138,54,21
139,8,34
140,8,32
141,31,68
142,68,56
143,27,15
144,65,35
145,55,15
146,31,32
147,21,60
148,21,53
149,55,45
150,2,13
151,51,22
152,29,48
153,13,12
154,74,60
155,74,54
156,54,63
157,52,50
158,40,48
159,40,55
160,64,51
161,34,50
162,65,52
163,74,60
164,70,31
165,22,25
166,22,32
167,38,15
168,24,17
169,38,40
170,38,47
171,51,64
172,51,58
173,21,75
174,10,15
175,31,33
176,4,64
178,8,33
179,43,13
180,73,11
181,76,26
182,76,34
183,1,15
184,1,21
185,77,39
186,46,32
187,58,51
188,64,33
189,11,74
190,37,46
191,37,39
192,70,22
193,1,31
194,28,69
195,74,74
196,74,66
197,30,60
198,60,17
199,29,70
200,29,65
201,17,63
202,29,17
203,31,31
204,31,26
205,4,51
206,59,30
207,46,61
208,13,53
209,13,58
210,66,54
211,66,48
212,52,18
215,71,26
216,1,33
217,59,19
218,1,13
219,60,29
221,21,16
222,47,21
223,43,41
224,77,38
225,32,57
226,1,51
227,52,67
228,48,37
229,76,24
230,74,26
231,41,52
232,55,72
233,69,35
234,69,38
235,44,50
236,70,32
237,70,24
238,6,32
239,1,19
240,34,64
241,70,34
242,17,32
243,63,39
246,67,23
247,1,36
248,61,24
249,61,23
250,8,14
251,54,17
252,37,24
253,48,46
254,28,30
255,27,42
256,73,30
257,22,51
258,22,56
259,31,27
260,31,31
261,38,56
262,77,48
263,68,31
264,28,15
265,72,60
266,19,26
267,37,26
268,39,11
269,15,70
270,46,46
271,46,48
272,70,49
273,27,21
274,17,23
275,1,75
276,1,36
277,1,32
278,22,21
279,22,23
280,45,24
282,73,55
283,73,60
284,10,19
285,72,39
286,72,41
287,50,13
288,6,31
289,54,35
290,72,34
291,72,38
292,15,35
293,69,50
294,58,25
295,12,54
296,65,19
297,65,69
298,65,72
300,1,36
301,28,51
302,56,22
303,74,47
304,19,59
305,46,55
308,68,17
309,37,24
310,11,43
311,64,63
312,2,69
313,24,51
314,24,48
315,54,26
316,75,38
317,64,36
318,15,50
319,19,64
320,19,59
321,47,50
322,38,60
323,38,55
324,3,33
325,3,33
326,27,26
327,27,25
328,1,75
329,11,29
330,65,49
331,1,51
332,29,15
333,38,22
334,32,24
335,73,26
336,39,29
337,39,36
338,8,42
339,1,27
340,1,23
341,69,16
342,69,21
343,44,74
344,54,30
345,17,40
346,17,33
347,71,34
348,71,40
349,39,66
350,25,68
351,1,20
352,56,53
353,7,28
354,49,71
355,49,63
356,1,14
357,1,14
358,7,34
359,66,23
360,49,50
361,74,16
362,35,43
363,35,51
364,54,51
365,1,63
366,1,57
367,60,30
368,60,25
369,7,63
370,71,37
371,4,51
372,34,61
373,16,57
374,26,26
375,61,24
376,14,20
378,50,15
379,50,10
380,41,20
381,73,16
382,73,15
383,15,54
384,15,58
385,45,45
386,62,13
387,76,66
388,36,43
389,47,19
390,47,16
391,47,60
392,74,43
393,74,37
394,52,69
395,52,74
396,1,73
397,75,63
398,61,68
399,45,41
400,1,60
401,1,65
402,3,50
403,42,20
404,42,26
405,65,59
406,36,16
407,73,18
408,35,15
409,74,68
410,62,31
411,17,52
412,17,49
413,49,21
414,46,46
415,46,48
416,1,61
417,1,63
418,28,27
419,64,23
420,18,15
421,54,28
422,69,47
423,37,36
424,1,46
425,25,45
426,72,56
427,72,52
428,47,74
429,50,12
430,39,73
431,24,66
432,59,41
433,62,38
434,70,50
435,20,26
436,2,38
437,11,73
438,32,55
439,51,25
440,15,23
441,1,34
442,1,22
443,1,22
444,74,33
445,1,46
446,1,41
447,23,47
448,77,23
450,25,40
451,12,14
452,55,40
453,67,24
454,38,44
455,68,73
456,25,53
457,70,43
458,68,32
459,32,26
461,68,23
462,14,23
463,38,49
464,24,34
465,5,41
466,1,46
467,1,43
468,72,34
469,59,23
470,30,39
471,44,16
472,36,12
473,1,54
474,46,44
476,1,46
477,1,39
478,21,15
479,11,46
480,11,47
481,69,66
482,69,59
483,1,49
484,28,34
485,32,15
486,68,49
487,1,71
488,1,76
489,41,53
490,55,43
491,63,27
492,72,58
493,41,51
494,1,13
495,49,56
496,70,42
497,74,40
498,74,45
499,18,58
500,1,22
501,62,56
502,6,74
503,73,34
504,36,14
505,13,16
506,75,47
507,75,39
508,53,22
509,73,13
510,12,17
511,9,34
512,60,28
513,8,19
514,8,25
515,1,61
516,1,63
517,63,28
518,54,14
519,18,13
520,46,46
521,69,18
522,1,37
523,38,71
524,30,30
525,30,24
526,43,29
527,43,27
528,37,16
529,69,15
530,29,36
531,27,17
532,27,13
533,54,52
534,74,36
535,26,56
536,47,54
537,1,58
538,5,45
540,19,72
541,19,66
542,59,72
543,11,35
544,63,45
545,75,20
546,7,40
547,54,44
548,49,56
550,7,32
551,47,17
552,1,59
553,1,52
554,30,68
555,30,67
556,29,47
557,51,54
558,43,73
559,32,21
560,71,26
561,74,31
562,49,18
563,72,32
564,72,38
565,64,34
566,47,47
567,47,43
568,8,33
569,73,31
570,61,52
571,3,69
572,3,73
573,69,26
574,1,21
575,58,23
576,58,19
577,1,30
578,23,16
579,72,60
581,70,44
582,1,43
583,75,28
584,33,17
585,40,51
586,40,46
587,25,48
588,61,33
589,45,32
590,44,44
591,65,19
592,26,28
593,60,39
596,69,45
597,55,50
598,1,23
599,1,16
601,56,27
602,56,28
603,13,27
604,1,28
605,1,23
606,10,44
607,64,29
608,67,21
609,52,31
610,74,14
611,36,41
612,36,33
613,1,16
614,14,46
615,68,44
616,58,18
617,70,19
618,57,61
619,6,73
620,6,75
621,54,54
622,74,62
623,24,68
624,24,61
625,60,15
626,9,13
627,17,21
628,17,23
629,16,17
630,61,41
631,70,37
632,67,47
633,67,55
635,17,66
636,17,58
637,39,23
638,54,32
639,31,15
640,26,14
641,40,31
642,40,30
643,1,44
644,35,32
645,14,68
646,34,71
647,34,64
648,70,58
649,13,15
651,54,17
652,61,55
653,1,63
654,64,51
655,32,51
656,1,37
657,8,67
658,8,67
659,24,28
660,16,70
661,16,74
662,5,48
663,24,70
664,77,13
665,62,61
666,26,11
667,26,12
668,1,51
669,12,37
670,1,34
671,10,22
672,46,64
673,36,54
674,11,66
675,50,18
676,70,40
677,5,30
678,39,60
679,8,53
680,8,53
681,15,16
682,18,14
683,76,48
684,3,17
685,72,63
686,32,22
687,32,18
688,1,39
689,70,29
690,38,51
691,38,49
692,74,57
693,74,58
694,29,57
695,28,38
696,28,41
697,1,19
698,75,39
699,26,71
700,12,64
702,31,25
703,4,34
704,54,18
705,19,55
706,1,45
707,1,52
708,50,16
709,1,59
710,23,68
711,48,30
712,54,31
713,20,13
714,31,23
715,1,41
716,1,39
717,54,25
718,54,33
719,46,19
720,29,39
721,43,53
722,62,23
723,12,36
724,65,40
725,75,37
726,16,58
727,32,63
728,32,61
729,63,24
730,63,20
731,74,14
732,74,15
733,46,15
734,46,8
735,1,20
736,1,16
737,74,41
738,25,73
739,72,51
740,55,70
741,74,52
742,1,42
743,1,52
744,26,53
745,52,27
746,52,31
747,24,40
748,25,57
749,25,60
750,70,37
751,70,34
752,72,49
753,72,53
754,63,46
755,72,46
756,31,73
757,71,23
758,68,32
759,29,38
760,57,57
762,21,56
763,75,66
764,49,38
765,65,24
766,1,67
767,1,70
768,32,62
769,40,16
772,64,49
773,4,58
774,70,20
775,51,53
776,1,40
777,1,32
778,13,53
779,69,49
780,3,69
781,72,48
782,5,30
783,27,22
784,27,29
785,63,59
786,53,15
787,3,46
788,47,19
789,4,62
790,63,26
791,68,43
793,21,15
794,21,14
796,1,74
797,8,45
798,27,53
799,27,57
803,35,42
804,35,37
806,60,13
807,53,24
808,31,30
809,49,74
810,58,48
811,58,53
812,39,53
813,70,29
814,19,34
815,22,29
816,17,35
818,54,27
819,74,35
820,74,33
821,49,45
822,37,34
823,41,37
824,27,41
825,74,16
826,1,15
827,10,28
828,10,35
829,24,36
830,69,45
831,2,45
832,67,70
833,5,33
834,54,71
835,28,50
836,28,45
837,71,19
838,71,25
839,47,38
840,20,56
841,69,12
842,12,60
843,54,36
844,22,48
845,22,40
846,35,44
847,49,14
849,26,54
850,19,24
851,25,74
852,25,77
853,70,44
854,72,52
855,58,63
856,23,74
857,32,45
858,47,34
859,1,25
860,1,26
861,1,37
862,30,41
863,54,25
864,11,40
865,11,47
866,38,18
870,70,36
871,76,19
872,35,30
873,60,49
874,14,41
875,14,37
876,1,33
877,5,66
878,5,73
879,38,50
880,49,33
881,5,18
882,70,60
883,75,73
884,75,75
885,34,70
886,34,45
887,66,20
888,28,20
889,54,12
890,77,74
891,33,62
892,42,71
893,43,58
894,75,59
895,39,23
896,36,20
897,36,12
898,38,50
899,38,49
900,73,16
901,39,74
902,23,43
903,31,59
904,1,61
905,38,53
906,65,15
907,51,45
908,51,32
909,23,18
910,1,32
911,43,54
912,76,73
913,1,55
914,1,72
915,12,18
916,3,35
917,25,20
918,26,29
921,7,39
922,22,21
923,22,15
924,1,40
925,54,34
926,1,12
927,1,19
928,66,42
929,30,58
930,68,34
931,16,25
932,3,46
933,33,15
934,33,11
935,42,47
936,42,50
937,1,62
938,59,49
939,21,41
940,53,33
941,10,58
942,12,62
943,12,57
944,39,23
945,39,16
946,54,42
948,49,69
949,3,17
950,76,28
951,76,33
952,63,42
953,25,56
954,1,51
955,57,23
956,1,27
957,56,52
958,56,51
959,11,31
960,16,36
961,15,62
962,19,27
963,64,27
964,10,40
965,13,21
966,13,15
967,76,14
968,69,36
970,36,36
971,46,74
972,46,76
973,14,23
974,14,30
975,1,34
976,16,38
977,76,67
978,56,25
979,56,27
980,40,32
981,5,33
984,20,44
985,20,46
986,74,38
987,60,41
988,40,54
989,40,60
990,71,32
991,32,52
992,19,45
993,44,24
994,36,22
995,36,20
996,1,13
997,59,43
998,59,40
999,74,27
1000,74,32
1001,44,46
1002,42,49
1003,31,56
1004,3,36
1006,46,51
1007,46,55
1008,6,37
1009,33,31
1010,33,38
1011,16,54
1012,70,27
1013,70,20
1014,1,62
1015,62,59
1016,62,53
1017,6,50
1018,53,48
1019,14,47
1020,72,16
1021,2,16
1022,31,53
1023,1,55
1024,25,37
1025,15,29
1026,57,14
1027,1,53
1028,1,59
1029,1,39
1030,1,46
1031,2,25
1032,1,55
1033,1,56
1034,52,19
1035,13,22
1036,13,17
1037,1,28
1038,69,32
1039,70,13
1040,1,33
1041,72,32
1042,17,27
1043,17,30
1044,9,22
1045,60,46
1046,1,18
1047,16,30
1048,70,19
1049,1,51
1050,27,22
1051,73,22
1052,56,29
1053,56,35
1054,63,69
1055,4,74
1056,1,30
1057,52,54
1058,9,18
1059,26,33
1060,26,36
1062,16,18
1063,16,17
1064,1,42
1065,2,36
1066,1,53
1067,1,41
1068,13,67
1069,54,55
1070,54,55
1071,43,68
1072,60,27
1073,34,69
1074,34,65
1075,65,59
1076,53,14
1077,46,73
1078,24,15
1079,3,32
1080,54,43
1081,71,23
1082,9,26
1083,48,56
1084,48,49
1085,60,61
1086,74,20
1087,74,15
1088,47,24
1089,1,54
1090,35,54
1091,59,53
1092,41,31
1093,62,17
1094,30,33
1095,30,39
1096,1,67
1097,1,63
1098,60,45
1099,65,14
1100,59,42
1101,74,47
1102,72,58
1103,1,42
1104,1,38
1105,56,51
1106,56,53
1107,60,32
1108,62,38
1109,58,62
1110,10,65
1111,61,14
1112,13,63
1113,11,17
1114,59,13
1115,36,73
1116,69,20
1117,20,17
1118,20,24
1119,54,13
1120,41,20
1121,59,54
1122,20,72
1123,20,71
1124,21,65
1125,9,59
1126,9,58
1127,23,19
1128,7,63
1129,43,62
1130,70,53
1131,55,46
1132,55,45
1133,37,35
1134,37,34
1135,8,41
1136,9,17
1137,1,16
1138,70,23
1139,70,20
1140,18,47
1141,21,52
1142,59,47
1143,59,47
1145,58,25
1146,54,28
1147,3,63
1148,41,52
1149,14,17
1150,74,48
1151,59,20
1152,74,12
1153,70,13
1154,72,69
1155,72,71
1156,1,60
1157,4,35
1158,1,39
1159,64,49
1160,64,55
1161,7,20
1162,26,18
1163,20,29
1164,15,34
1165,15,51
1166,74,34
1167,74,39
1168,19,15
1169,18,52
1170,12,16
1171,46,19
1172,54,70
1173,54,71
1174,29,23
1175,1,68
1176,1,75
1177,77,54
1178,1,22
1179,1,63
1180,21,49
1181,1,54
1182,66,47
1183,54,51
1186,2,46
1187,32,32
1188,32,25
1189,74,61
1190,15,17
1191,15,16
1192,10,68
1193,19,67
1194,17,54
1195,39,54
1196,22,50
1197,6,27
1198,72,18
1199,64,17
1200,47,62
1201,54,48
1202,47,13
1204,77,19
1206,50,36
1207,28,54
1208,70,18
1209,36,36
1210,6,32
1211,1,15
1212,13,66
1213,1,27
1214,61,53
1215,45,49
1216,65,48
1217,59,56
1218,74,13
1219,1,49
1220,40,40
1221,14,20
1222,7,54
1223,14,38
1224,56,55
1225,42,47
1226,33,42
1227,33,38
1228,21,44
1229,19,22
1231,20,28
1232,20,34
1233,68,51
1234,23,18
1235,23,14
1236,26,26
1237,57,70
1238,74,58
1239,11,17
1240,32,17
1241,73,51
1242,73,49
1243,11,19
1244,1,29
1245,64,14
1246,70,31
1247,70,24
1248,19,22
1250,43,41
1251,1,34
1252,1,40
1253,14,26
1254,3,54
1255,1,27
1256,46,38
1257,35,65
1258,35,69
1259,18,27
1260,57,48
1261,57,42
1262,35,41
1263,35,34
1264,61,17
1265,57,35
1266,71,41
1267,29,39
1268,29,44
1269,1,45
1270,13,63
1271,47,58
1272,8,49
1273,6,15
1274,44,17
1275,1,42
1276,68,51
1277,70,62
1278,72,15
1279,16,37
1280,34,41
1281,34,44
1282,52,57
1283,66,54
1284,66,50
1285,62,54
1286,52,43
1287,65,49
1288,73,21
1289,59,47
1290,35,17
1291,1,29
1292,14,16
1293,1,66
1294,1,63
1295,74,49
1296,55,34
1297,64,75
1298,64,72
1299,2,73
1300,45,14
1303,42,53
1304,37,57
1305,55,48
1306,32,71
1307,74,40
1308,69,39
1309,1,18
1310,41,16
1311,54,37
1312,35,58
1313,54,23
1314,54,18
1315,34,70
1316,67,47
1317,67,48
1318,47,62
1321,35,16
1322,4,48
1323,70,49
1324,66,37
1325,39,48
1326,55,37
1327,20,30
1328,42,56
1329,26,75
1330,66,25
1331,54,30
1332,5,36
1333,48,44
1334,8,15
1335,1,32
1336,1,31
1337,56,14
1338,56,10
1339,22,34
1340,68,54
1341,69,31
1343,1,54
1344,1,58
1345,32,25
1346,13,39
1347,13,23
1348,13,18
1349,26,25
1350,1,34
1351,1,42
1352,54,22
1353,27,34
1354,64,72
1355,35,17
1356,1,61
1359,1,42
1360,1,47
1361,1,71
1362,1,64
1363,6,14
1364,1,60
1365,1,55
1366,12,13
1367,60,28
1368,60,36
1369,41,15
1370,34,28
1371,49,45
1372,28,17
1373,74,18
1375,69,16
1376,18,35
1377,18,42
1378,74,52
1379,74,56
1380,44,40
1382,18,14
1383,29,11
1384,40,40
1385,22,40
1386,22,37
1387,1,16
1388,5,31
1389,43,66
1390,59,14
1391,41,28
1392,50,61
1393,50,59
1394,49,51
1395,49,52
1396,39,47
1397,66,72
1401,35,12
1402,44,57
1403,44,49
1404,11,25
1406,29,45
1407,29,52
1408,49,24
1409,25,42
1410,18,49
1411,18,54
1412,6,14
1413,11,24
1414,70,19
1416,19,66
1417,27,27
1418,41,19
1419,74,75
1420,74,77
1421,20,37
1422,69,17
1423,69,11
1424,8,41
1425,12,25
1426,12,29
1427,14,28
1428,12,73
1429,12,66
1430,64,11
1431,55,63
1432,16,32
1433,72,34
1434,72,26
1435,52,40
1438,29,30
1439,29,19
1440,1,15
1441,42,62
1442,42,60
1443,29,58
1444,29,51
1445,68,52
1446,70,39
1447,70,41
1448,50,36
1449,41,44
1450,61,24
1452,72,53
1453,29,27
1454,73,68
1455,73,66
1456,70,65
1457,70,59
1458,67,55
1459,4,17
1460,23,60
1461,28,24
1462,49,52
1463,70,57
1464,36,65
1465,36,62
1466,39,40
1467,65,69
1468,77,53
1469,54,27
1470,1,51
1471,1,55
1472,1,26
1473,1,62
1474,45,22
1475,19,61
1476,70,23
1478,4,24
1479,1,37
1480,69,50
1481,62,60
1482,46,43
1483,1,42
1484,1,41
1485,7,15
1486,7,19
1487,48,17
1488,31,32
1489,6,65
1490,42,65
1491,19,11
1492,9,25
1493,1,71
1494,1,78
1495,1,62
1496,1,51
1497,53,45
1498,53,52
1499,74,42
1500,1,12
1501,68,47
1502,68,20
1503,58,71
1504,58,75
1505,65,22
1506,22,62
1507,22,64
1508,67,39
1509,62,51
1510,34,45
1511,13,31
1512,5,51
1513,74,34
1514,68,36
1516,38,47
1517,66,37
1518,3,33
1519,3,34
1520,72,37
1521,5,14
1522,52,25
1523,29,62
1524,30,31
1525,1,50
1526,1,58
1527,49,59
1528,57,29
1529,43,21
1530,74,48
1531,52,33
1532,52,31
1533,55,33
1534,17,41
1535,40,57
1536,37,26
1537,54,14
1539,32,70
1540,36,56
1541,36,60
1542,31,74
1543,31,66
1546,28,63
1547,28,66
1548,70,70
1549,70,65
1550,8,47
1554,55,49
1555,30,43
1556,66,43
1557,35,34
1558,11,66
1559,72,53
1561,1,70
1562,1,74
1563,3,15
1564,40,46
1565,71,33
1566,15,27
1567,50,63
1568,50,66
1569,54,37
1570,54,35
1571,7,26
1572,1,30
1574,18,14
1575,55,70
1576,55,74
1577,23,49
1578,40,22
1579,27,30
1580,1,25
1581,56,30
1582,54,59
1583,1,21
1584,1,31
1585,60,58
1586,60,59
1587,23,65
1588,45,43
1589,48,42
1590,13,53
1591,42,40
1592,56,65
1593,56,68
1594,56,54
1595,56,39
1596,58,15
1597,60,37
1598,67,68
1599,43,29
1600,43,28
1601,42,24
1602,42,25
1603,26,25
1604,26,24
1605,52,13
1606,65,11
1607,8,52
1608,53,52
1609,53,49
1610,68,51
1611,59,30
1612,59,34
1613,50,32
1614,21,55
1615,74,41
1616,54,55
1617,5,43
1618,17,14
1619,74,51
1620,74,57
1621,76,41
1622,52,43
1623,36,30
1624,9,28
1625,9,20
1628,12,36
1629,28,27
1630,28,29
1631,74,17
1632,8,50
1633,55,21
1634,55,24
1635,75,63
1636,75,61
1637,21,50
1638,40,39
1639,1,34
1640,51,40
1641,31,70
1642,1,34
1643,39,17
1644,56,17
1645,39,32
1646,8,27
1647,71,15
1648,46,41
1649,46,43
1650,1,40
1651,11,27
1653,42,49
1654,60,30
1655,74,21
1656,22,25
1657,32,58
1658,52,64
1659,1,56
1660,1,11
1661,47,40
1662,53,26
1663,19,36
1664,64,75
1665,64,81
1666,1,52
1667,1,53
1668,20,44
1669,47,41
1670,53,32
1671,57,62
1672,57,65
1673,48,21
1674,11,73
1675,74,53
1676,53,40
1677,53,47
1679,67,51
1680,29,18
1681,34,53
1682,69,37
1683,15,42
1684,15,47
1685,61,49
1686,1,46
1687,1,46
1688,32,70
1689,1,57
1690,46,46
1691,21,15
1692,62,21
1693,45,13
1694,45,14
1696,1,70
1697,55,29
1698,55,26
1699,17,38
1700,7,44
1701,7,48
1702,53,20
1703,50,75
1704,50,79
1705,19,47
1706,19,49
1707,10,42
1709,74,41
1710,54,49
1711,64,31
1712,64,29
1713,65,58
1714,58,48
1717,73,14
1718,75,55
1719,35,23
1720,33,59
1721,33,59
1722,68,60
1723,71,12
1724,68,59
1725,76,34
1726,76,41
1727,32,42
1728,32,47
1729,76,46
1730,40,61
1731,17,25
1733,57,19
1734,26,18
1735,26,17
1736,41,14
1737,27,38
1738,27,30
1741,70,61
1742,1,39
1743,3,34
1744,50,24
1745,23,34
1746,11,34
1747,11,37
1748,64,17
1749,50,65
1750,23,29
1751,54,34
1752,70,15
1753,60,14
1754,57,14
1755,65,28
1756,1,57
1757,1,56
1758,35,46
1759,63,70
1760,77,70
1761,45,45
1762,61,37
1763,46,26
1764,66,22
1765,9,18
1768,29,42
1769,12,44
1770,12,42
1771,54,66
1772,73,14
1774,32,22
1775,73,50
1776,30,39
1777,69,30
1778,69,25
1779,37,58
1780,54,39
1781,67,69
1782,19,45
1783,1,47
1784,2,13
1785,39,18
1786,63,59
1787,63,62
1788,1,43
1789,61,60
1790,1,40
1791,5,27
1792,54,18
1793,41,48
1794,54,53
1795,38,33
1796,10,55
1797,10,52
1798,70,60
1799,36,34
1800,63,50
1801,66,23
1802,66,29
1803,25,47
1806,5,41
1807,47,58
1808,47,60
1809,24,62
1810,41,74
1811,1,54
1812,36,46
1813,36,44
1814,57,53
1815,16,16
1816,62,42
1817,47,40
1818,47,37
1819,43,14
1820,50,65
1821,1,52
1822,71,71
1823,1,15
1824,69,33
1825,51,19
1826,13,56
1827,13,52
1828,69,31
1829,51,51
1830,33,41
1831,51,17
1832,1,27
1833,30,27
1834,7,66
1835,7,65
1836,36,49
1837,67,36
1838,67,34
1839,5,57
1840,5,58
1841,67,40
1842,9,50
1843,48,54
1844,74,71
1845,74,75
1846,48,13
1847,52,14
1848,6,69
1849,57,71
1850,52,51
1851,31,18
1852,50,31
1853,1,28
1854,70,61
1856,54,25
1857,54,29
1860,1,29
1861,29,36
1862,50,16
1863,54,41
1864,22,45
1865,22,44
1866,64,51
1867,1,49
1868,60,13
1869,1,60
1870,1,58
1871,1,13
1872,52,30
1873,52,25
1874,1,47
1875,15,17
1876,1,42
1877,47,36
1878,47,30
1879,21,49
1880,1,19
1881,72,59
1882,72,61
1883,18,32
1884,59,17
1885,47,23
1886,34,73
1887,54,67
1888,66,75
1889,32,36
1890,14,38
1891,62,34
1892,66,65
1893,66,59
1894,1,46
1895,47,28
1896,48,11
1897,36,24
1898,73,32
1899,10,52
1900,23,28
1901,23,31
1903,1,54
1904,66,52
1905,72,44
1906,63,71
1907,75,65
1908,33,73
1909,35,49
1910,67,47
1911,48,55
1912,57,21
1913,69,25
1914,39,51
1915,39,54
1916,28,67
1917,69,24
1919,30,44
1920,42,18
1921,1,47
1922,1,44
1923,1,35
1924,67,55
1925,37,55
1926,37,58
1927,77,41
1928,77,41
1929,65,38
1930,38,59
1931,16,51
1932,15,53
1934,70,60
1935,68,64
1936,15,38
1937,15,33
1938,57,54
1939,1,68
1940,1,70
1941,10,72
1942,10,78
1943,39,67
1944,31,36
1945,54,39
1946,72,58
1947,23,12
1948,71,54
1949,71,51
1950,26,64
1951,41,22
1952,52,22
1953,52,28
1954,69,41
1955,66,22
1956,1,68
1957,63,21
1958,63,16
1959,1,73
1960,22,47
1961,31,73
1962,6,43
1963,38,48
1964,17,62
1965,75,54
1966,19,45
1967,1,30
1968,1,33
1969,53,67
1970,1,46
1971,3,24
1972,1,47
1973,60,62
1974,10,75
1975,10,78
1976,72,75
1977,10,58
1978,18,41
1979,51,67
1980,77,34
1981,19,23
1982,53,16
1983,53,11
1984,1,67
1985,6,56
1986,6,51
1988,13,41
1989,50,54
1990,50,50
1991,64,75
1993,1,18
1994,1,26
1995,50,52
1996,1,56
1997,1,16
1998,40,15
1999,74,11
2000,39,51
2001,34,16
2002,70,75
2003,70,72
2004,1,19
2005,30,14
2006,41,31
2007,41,35
2008,47,53
2009,12,57
2010,37,41
2011,46,68
2012,46,70
2013,1,53
2015,1,25
2016,55,59
2017,55,62
2018,56,48
2019,73,61
2020,73,68
2021,67,74
2022,56,54
2023,56,62
2024,62,59
2025,39,52
2026,39,59
2027,12,63
2028,12,69
2029,5,70
2030,5,13
2031,54,67
2032,1,50
2033,1,56
2034,13,67
2035,13,65
2037,69,45
2038,1,13
2039,68,24
2040,59,49
2041,68,37
2042,49,11
2043,77,39
2044,32,32
2045,28,37
2046,28,41
2047,11,50
2048,23,65
2049,70,66
2050,70,61
2051,74,75
2052,74,79
2053,16,75
2054,48,45
2055,56,17
2056,1,15
2057,6,17
2058,76,22
2059,43,21
2060,43,22
2061,63,40
2062,63,39
2063,68,43
2064,53,67
2065,64,15
2066,1,21
2067,56,14
2068,72,63
2069,70,70
2070,70,21
2071,1,20
2072,75,49
2073,22,37
2074,24,32
2075,74,71
2076,63,36
2077,44,63
2078,10,15
2079,72,68
2080,60,30
2081,46,21
2082,67,60
2083,71,50
2084,1,64
2085,1,65
2086,35,39
2087,68,16
2088,32,45
2089,70,26
2090,70,23
2091,48,65
2092,72,48
2093,48,23
2094,48,18
2095,9,19
2096,74,19
2097,53,57
2098,53,54
2099,1,75
2100,33,62
2101,33,58
2102,51,52
2103,18,49
2104,37,45
2105,42,46
2106,74,72
2107,74,70
2108,77,48
2109,15,43
2110,3,26
2111,57,69
2112,21,66
2113,68,56
2114,51,75
2115,51,79
2116,76,63
2117,53,48
2118,1,23
2119,30,33
2121,64,14
2122,1,23
2123,53,11
2124,68,44
2125,71,18
2126,52,18
2128,38,38
2129,75,31
2130,21,48
2131,39,18
2132,39,24
2133,53,72
2134,53,76
2135,24,53
2136,28,53
2137,73,31
2138,68,13
2139,18,61
2140,18,67
2141,28,42
2142,21,52
2143,21,45
2144,15,33
2145,39,25
2146,65,20
2147,69,30
2148,31,40
2149,33,70
2150,61,52
2151,61,48
2152,17,64
2153,36,44
2154,60,36
2155,15,35
2156,33,27
2157,11,48
2158,10,12
2159,74,63
2160,70,48
2161,1,73
2162,1,80
2163,52,75
2164,47,52
2165,47,48
2166,30,46
2167,1,12
2168,46,30
2169,46,22
2170,70,51
2171,1,35
2172,7,64
2173,56,42
2174,74,41
2175,53,51
2176,18,47
2177,24,51
2178,46,54
2179,9,54
2180,51,21
2181,46,25
2182,75,64
2183,75,62
2184,24,23
2185,20,36
2186,48,51
2187,40,60
2188,40,68
2189,21,31
2190,28,19
2191,28,14
2192,1,37
2193,1,41
2194,50,32
2195,68,51
2196,31,38
2197,47,31
2198,17,73
2199,17,82
2200,66,40
2201,44,64
2202,44,65
2203,10,54
2204,54,47
2205,55,41
2206,10,29
2207,70,32
2208,70,34
2209,30,66
2210,30,60
2211,3,73
2212,52,21
2213,3,25
2214,5,47
2215,10,68
2216,1,21
2217,1,19
2218,43,25
2219,43,29
2220,20,41
2221,20,48
2222,1,59
2223,70,50
2224,54,61
2225,4,33
2226,74,29
2227,42,18
2228,43,53
2229,68,49
2230,5,24
2231,21,22
2232,36,26
2233,36,29
2235,14,53
2236,44,15
2237,47,35
2238,47,39
2239,6,17
2240,47,61
2241,47,67
2242,1,17
2243,1,13
2246,55,40
2247,35,15
2248,7,18
2249,32,48
2250,34,55
2251,26,22
2252,37,28
2253,37,36
2254,72,66
2255,50,70
2256,70,19
2257,62,14
2258,62,14
2259,19,43
2260,62,31
2261,62,37
2263,1,59
2264,4,50
2265,52,16
2266,16,54
2267,1,27
2268,10,55
2269,48,30
2270,61,33
2271,61,29
2274,9,29
2275,9,28
2276,44,61
2277,1,14
2278,76,72
2279,52,40
2280,10,19
2281,76,15
2282,60,20
2283,1,32
2286,54,27
2287,47,14
2288,32,36
2289,32,39
2290,31,39
2291,6,36
2292,59,72
2293,1,24
2294,32,41
2295,22,54
2296,22,51
2297,48,28
2298,48,24
2299,6,53
2300,35,32
2301,35,33
2302,74,36
2303,61,54
2304,61,54
2305,70,44
2306,70,50
2307,26,70
2308,27,19
2309,15,17
2310,40,54
2311,40,58
2312,11,18
2313,70,13
2314,34,34
2315,34,30
2316,1,23
2317,1,17
2318,20,70
2319,40,23
2320,60,42
2321,68,25
2322,15,65
2323,48,51
2324,27,15
2325,2,38
2326,72,48
2327,73,74
2328,24,25
2329,18,20
2330,40,45
2331,42,36
2332,60,44
2333,60,44
2335,66,59
2336,12,71
2337,12,76
2338,58,36
2339,58,37
2340,42,40
2341,42,46
2342,70,45
2343,1,34
2344,3,69
2345,33,51
2346,33,46
2347,35,50
2348,35,60
2349,46,25
2350,46,26
2351,38,28
2352,70,16
2353,4,64
2354,1,26
2355,6,45
2356,52,63
2357,52,56
2358,74,47
2359,74,40
2361,9,25
2362,9,19
2363,43,46
2364,56,22
2365,46,40
2366,35,63
2367,35,62
2368,64,50
2369,64,53
2370,41,37
2371,70,37
2372,23,22
2373,15,39
2374,9,25
2375,72,28
2376,72,29
2377,49,43
2378,63,40
2379,33,29
2380,40,66
2381,40,62
2382,62,66
2383,31,46
2384,31,47
2385,13,60
2386,13,59
2387,77,48
2388,42,22
2389,25,69
2390,57,55
2391,1,51
2392,26,38
2393,16,17
2394,5,31
2395,8,40
2396,41,44
2397,46,75
2398,71,38
2399,42,50
2400,19,34
2401,26,45
2402,41,45
2403,1,30
2404,27,16
2405,27,18
2406,49,37
2407,51,18
2408,6,53
2409,54,29
2410,73,20
2411,73,25
2412,20,13
2413,46,32
2414,54,43
2415,54,36
2416,72,39
2417,48,55
2418,1,40
2419,1,39
2420,48,21
2421,48,23
2422,68,17
2423,42,36
2424,54,73
2425,6,16
2426,74,66
2427,74,59
2428,1,47
2429,70,20
2430,5,56
2431,75,27
2432,27,69
2433,32,29
2434,42,48
2435,16,50
2436,25,59
2437,45,57
2438,52,47
2439,52,49
2440,17,58
2441,1,65
2442,1,66
2443,75,44
2444,4,59
2445,54,24
2447,68,21
2448,68,22
2449,1,26
2450,54,18
2451,42,54
2452,64,41
2453,13,69
2454,69,53
2455,72,74
2456,72,70
2457,68,53
2458,68,61
2459,20,19
2460,19,30
2461,64,26
2462,19,59
2463,7,49
2464,30,48
2465,51,20
2467,36,47
2468,71,28
2469,54,36
2470,53,50
2471,53,51
2472,70,17
2473,20,17
2474,42,36
2475,44,11
2476,75,36
2477,75,41
2478,48,53
2479,31,34
2480,46,17
2481,6,45
2482,34,68
2483,34,64
2484,68,24
2485,20,60
2486,76,32
2487,67,26
2488,9,13
2489,64,18
2490,61,32
2491,5,54
2492,5,50
2493,1,31
2494,37,22
2495,58,54
2496,1,21
2497,34,31
2498,37,13
2499,13,49
2500,24,47
2501,70,53
2502,1,58
2503,54,16
2504,61,43
2505,25,33
2506,76,17
2507,37,41
2508,72,28
2509,72,22
2510,72,34
2511,35,18
2512,35,19
2513,41,52
2514,59,36
2515,12,35
2516,33,51
2517,18,69
2518,18,72
2519,29,23
2520,62,49
2521,55,46
2522,74,56
2523,74,56
2524,36,34
2525,36,41
2526,1,29
2527,44,46
2528,25,16
2529,70,54
2530,8,43
2531,5,39
2532,29,56
2533,40,64
2534,1,50
2535,1,48
2536,64,32
2537,73,36
2538,56,13
2539,32,21
2540,46,12
2542,3,49
2543,3,41
2545,9,40
2546,41,32
2547,48,40
2548,48,40
2549,70,70
2550,1,17
2551,70,54
2552,74,29
2553,34,17
2554,64,52
2555,42,30
2556,44,42
2557,7,36
2558,30,34
2559,8,28
2560,70,19
2561,48,48
2562,42,41
2563,74,22
2565,64,47
2566,29,30
2567,64,50
2568,64,55
2569,69,45
2570,69,46
2571,43,14
2572,1,40
2573,1,28
2574,29,61
2576,46,14
2577,70,75
2578,76,39
2579,11,58
2580,11,58
2581,52,40
2582,51,55
2583,75,56
2584,4,49
2585,75,22
2586,8,27
2587,8,20
2588,33,35
2589,21,30
2590,42,29
2591,42,33
2592,1,13
2593,1,16
2594,55,30
2596,31,32
2597,28,24
2598,28,28
2599,1,47
2600,7,70
2601,37,32
2602,37,27
2603,38,21
2604,22,67
2605,22,68
2606,31,50
2607,63,50
2608,58,50
2609,1,16
2610,1,13
2611,77,55
2612,38,18
2613,1,16
2614,72,47
2615,64,48
2616,50,23
2617,50,31
2618,17,51
2619,63,24
2620,63,25
2621,51,37
2622,71,20
2623,16,28
2625,57,21
2626,1,53
2628,1,62
2629,1,62
2630,64,56
2631,18,23
2632,18,30
2633,1,26
2635,67,27
2636,28,75
2637,64,58
2638,1,51
2639,45,43
2640,45,42
2642,22,20
2643,54,47
2644,6,29
2645,67,73
2646,63,56
2647,9,53
2648,9,59
2650,75,18
2651,75,24
2652,41,44
2653,1,43
2654,59,54
2655,44,30
2656,54,38
2657,73,45
2658,11,60
2659,46,52
2661,1,32
2662,1,15
2663,8,17
2666,47,58
2667,9,21
2668,9,18
2669,51,66
2670,45,57
2671,35,21
2672,7,53
2673,65,34
2674,65,41
2675,31,69
2676,61,32
2677,33,71
2678,33,75
2679,1,55
2680,1,48
2681,45,22
2682,45,18
2683,48,64
2684,74,40
2685,73,24
2686,19,42
2687,19,44
2688,60,26
2689,16,70
2690,58,22
2691,47,29
2692,44,68
2693,46,17
2694,15,66
2695,15,64
2696,2,46
2697,2,45
2698,31,23
2699,31,16
2700,34,48
2701,1,41
2702,7,74
2703,2,20
2704,1,44
2705,43,69
2706,3,26
2707,45,24
2708,73,35
2709,26,47
2712,25,37
2713,36,31
2714,6,23
2715,7,36
2716,25,24
2717,46,63
2718,46,61
2719,29,29
2720,1,44
2721,24,43
2724,35,18
2726,1,20
2727,1,25
2728,74,71
2729,1,27
2730,52,46
2731,38,66
2732,57,40
2733,3,66
2734,3,59
2735,64,65
2736,1,35
2738,1,42
2739,13,43
2740,36,26
2741,41,63
2742,65,45
2743,50,54
2744,50,50
2745,54,54
2746,1,22
2747,6,57
2748,6,57
2749,14,72
2750,14,80
2751,68,36
2752,48,22
2754,66,15
2755,1,23
2756,31,74
2758,1,47
2759,2,19
2760,68,18
2761,1,16
2762,29,40
2765,36,12
2766,70,34
2767,70,39
2768,1,29
2769,69,56
2770,1,39
2771,37,73
2772,37,70
2773,49,74
2774,49,72
2775,41,15
2776,31,59
2777,46,23
2778,57,29
2779,29,45
2780,29,46
2781,46,33
2782,31,53
2783,1,53
2784,36,35
2785,22,31
2786,24,42
2787,41,17
2788,49,42
2789,1,42
2790,16,18
2791,60,72
2794,18,28
2795,18,25
2796,15,19
2797,28,43
2798,65,62
2799,4,32
2800,2,44
2801,75,74
2802,1,27
2803,68,62
2804,68,57
2805,73,29
2806,58,38
2808,8,19
2809,33,14
2810,72,22
2811,1,47
2812,55,23
2813,70,52
2814,19,20
2815,35,63
2816,35,55
2817,1,16
2818,54,30
2819,8,13
2820,77,27
2821,45,13
2822,50,35
2823,70,47
2824,39,52
2825,65,35
2826,59,58
2827,63,70
2828,14,44
2829,33,54
2830,51,19
2831,68,13
2832,13,66
2833,13,70
2834,52,44
2835,27,27
2836,38,74
2837,38,66
2838,65,28
2839,72,65
2840,72,59
2841,18,20
2842,74,35
2843,70,27
2844,51,31
2845,7,41
2846,1,24
2847,34,51
2848,34,54
2849,19,65
2850,7,23
2851,54,54
2852,26,51
2853,28,37
2854,16,44
2855,16,36
2856,47,70
2857,33,66
2858,42,67
2859,68,65
2860,28,35
2862,49,29
2863,49,25
2864,51,41
2865,15,45
2866,15,44
2867,1,33
2868,14,60
2869,1,18
2870,29,34
2871,71,26
2872,77,60
2873,16,18
2874,34,21
2875,46,57
2876,1,16
2877,59,61
2878,68,46
2879,40,16
2880,60,41
2881,12,26
2882,70,62
2883,30,40
2884,40,35
2885,1,28
2886,1,35
2887,2,32
2888,1,15
2889,25,50
2890,62,42
2891,62,36
2892,3,52
2893,2,66
2894,70,45
2895,70,16
2896,1,18
2897,40,68
2898,40,73
2899,16,75
2900,18,70
2901,25,54
2902,8,34
2903,8,34
2904,64,47
2905,64,42
2906,5,59
2907,5,61
2908,1,22
2909,26,57
2910,76,57
2911,45,61
2912,45,68
2913,44,31
2915,33,39
2916,1,21
2917,16,53
2918,5,26
2919,5,23
2920,44,31
2921,64,17
2922,43,53
2923,35,16
2924,18,52
2925,18,46
2926,27,59
2927,27,64
2928,38,61
2929,1,35
2930,41,52
2932,1,53
2933,72,51
2934,72,45
2935,61,49
2936,3,48
2937,74,44
2938,8,72
2939,8,75
2940,1,28
2941,38,42
2942,67,27
2943,1,13
2944,71,50
2945,74,72
2946,74,67
2947,19,36
2948,47,15
2949,14,50
2950,46,49
2951,76,43
2952,52,15
2953,3,57
2954,38,34
2955,38,41
2956,23,54
2957,23,15
2958,48,18
2959,54,36
2960,1,65
2961,1,60
2962,1,55
2963,1,54
2964,8,15
2965,30,75
2966,65,38
2967,53,32
2968,40,31
2969,55,70
2970,55,71
2971,1,16
2972,1,17
2974,56,42
2975,33,50
2976,57,71
2977,39,30
2978,33,45
2979,4,32
2980,11,19
2981,16,44
2982,6,20
2983,6,26
2984,60,30
2985,60,33
2986,14,41
2987,14,47
2988,33,32
2989,17,44
2990,32,55
2991,32,52
2992,11,27
2994,18,30
2995,35,52
2996,1,28
2997,1,52
2998,1,32
2999,74,14
3000,41,65
3001,1,35
3002,42,38
3003,69,20
3004,69,22
3005,43,62
3006,22,20
3007,76,29
3008,73,74
3009,62,36
3010,62,33
3011,74,38
3012,70,38
3013,51,43
3014,51,40
3015,73,41
3016,40,16
3017,2,52
3018,61,15
3019,30,24
3020,32,51
3021,1,32
3022,1,39
3023,16,34
3024,60,64
3025,60,61
3026,22,46
3027,62,34
3028,34,61
3029,43,23
3030,68,17
3031,40,28
3032,40,34
3035,27,29
3036,16,52
3037,64,51
3038,6,47
3039,55,24
3041,4,66
3042,18,25
3043,63,42
3044,36,48
3045,10,43
3046,1,68
3047,45,18
3048,16,70
3049,6,26
3050,6,26
3051,65,65
3054,74,35
3055,51,62
3056,38,34
3057,38,31
3058,49,50
3059,61,16
3060,61,33
3061,61,28
3062,41,63
3063,27,22
3064,42,63
3065,24,72
3066,54,11
3067,57,41
3068,57,39
3069,21,50
3070,46,73
3071,38,26
3072,1,57
3073,1,56
3074,1,35
3075,74,52
3076,57,31
3077,50,59
3078,50,61
3079,67,50
3080,5,42
3081,5,48
3082,52,14
3083,41,22
3084,23,42
3085,62,47
3086,62,45
3087,46,34
3088,40,43
3089,46,19
3090,32,25
3091,15,27
3092,59,26
3093,35,27
3094,48,43
3095,36,40
3096,74,11
3097,48,45
3098,17,55
3099,17,28
3100,2,62
3101,1,52
3102,61,14
3103,64,20
3104,4,11
3105,68,46
3106,72,65
3107,30,33
3108,30,31
3109,7,61
3110,54,62
3111,54,69
3112,24,54
3113,60,22
3114,60,22
3115,72,32
3116,28,42
3117,62,52
3118,62,53
3119,50,57
3120,75,29
3121,57,37
3122,57,34
3123,1,14
3124,5,35
3125,10,71
3126,47,55
3127,1,73
3128,69,49
3129,5,47
3130,19,38
3131,1,58
3132,1,18
3133,31,20
3134,1,55
3135,48,24
3136,1,30
3137,70,46
3138,70,50
3139,46,37
3140,46,34
3141,9,68
3142,68,74
3143,21,49
3144,1,74
3145,1,72
3146,1,45
3147,19,29
3148,3,51
3149,3,58
3150,54,61
3151,1,42
3152,1,57
3153,26,69
3154,26,67
3155,44,20
3156,68,39
3157,1,51
3158,1,53
3159,24,63
3160,20,42
3161,66,13
3162,55,33
3163,1,29
3164,1,31
3165,3,17
3166,31,38
3167,48,50
3170,76,72
3171,76,69
3172,64,42
3173,66,47
3174,66,41
3175,64,43
3176,1,56
3177,24,55
3178,25,24
3179,45,45
3180,45,49
3181,27,50
3182,18,68
3183,70,13
3184,5,34
3185,17,21
3186,1,38
3187,7,41
3188,68,17
3190,1,73
3191,56,18
3192,6,54
3193,28,43
3194,51,18
3195,2,22
3196,72,15
3197,1,35
3198,1,40
3199,1,36
3200,1,39
3201,66,40
3202,56,71
3203,1,34
3204,1,37
3205,1,72
3206,1,72
3207,55,68
3208,27,46
3209,27,54
3210,14,30
3211,17,26
3213,1,52
3214,71,71
3215,64,57
3216,58,34
3217,61,16
3218,49,28
3219,49,34
3220,23,36
3221,23,40
3222,21,16
3225,13,36
3226,1,42
3227,59,43
3228,34,36
3229,50,14
3230,1,11
3231,21,32
3232,5,17
3233,1,13
3234,67,74
3235,46,43
3236,28,33
3239,7,12
3240,67,56
3241,26,59
3242,26,56
3243,71,73
3244,72,60
3245,70,41
3246,66,62
3247,69,35
3248,28,64
3249,17,34
3250,17,31
3251,52,31
3252,52,32
3253,70,47
3254,1,63
3255,8,23
3256,49,17
3257,73,15
3258,74,33
3259,71,43
3260,74,51
3261,74,43
3262,61,52
3264,63,43
3265,47,30
3266,47,33
3267,61,42
3268,1,37
3269,2,19
3270,12,53
3271,58,51
3272,9,73
3273,9,75
3274,26,64
3275,26,69
3276,52,13
3277,42,27
3278,42,31
3279,66,39
3280,66,35
3281,74,43
3282,29,12
3283,10,60
3284,2,57
3285,2,50
3286,74,21
3287,74,15
3288,69,67
3289,75,16
3290,11,24
3291,52,46
3292,18,53
3293,1,40
3294,52,36
3295,40,27
3296,23,24
3297,1,25
3298,5,51
3299,76,32
3300,53,43
3302,52,29
3303,52,28
3304,69,54
3305,41,22
3306,27,45
3307,14,14
3308,15,45
3309,15,51
3310,23,39
3311,51,39
3312,70,22
3313,60,47
3314,24,62
3315,24,59
3316,1,46
3317,1,43
3319,1,14
3320,1,21
3321,13,24
3322,31,45
3323,74,12
3324,26,22
3325,26,30
3326,57,41
3327,20,56
3328,24,27
3329,54,32
3330,54,38
3331,70,23
3332,46,24
3333,10,44
3334,1,26
3335,11,26
3336,64,42
3337,53,41
3338,69,51
3339,31,17
3340,54,17
3341,54,25
3342,73,20
3344,42,32
3345,37,52
3346,37,52
3347,11,57
3348,38,15
3349,42,30
3350,30,43
3351,30,51
3352,23,74
3353,23,74
3354,62,50
3355,38,40
3356,73,19
3357,63,39
3358,16,18
3359,1,48
3360,43,17
3361,40,63
3365,1,27
3366,54,34
3367,54,41
3368,14,41
3369,1,41
3370,25,74
3371,25,74
3372,1,23
3373,5,41
3374,5,33
3375,74,39
3376,11,48
3377,11,55
3378,5,36
3379,5,44
3380,74,15
3381,70,28
3382,54,39
3383,54,37
3384,41,51
3385,11,69
3386,49,53
3387,58,50
3388,53,28
3389,39,26
3390,53,21
3391,42,22
3392,1,18
3393,73,39
3394,66,13
3395,4,31
3396,18,16
3397,24,19
3398,24,24
3399,72,61
3402,74,41
3403,74,36
3404,56,53
3405,40,44
3406,40,46
3407,35,20
3408,35,20
3409,36,74
3410,54,28
3412,57,18
3413,57,24
3414,11,46
3415,54,20
3416,35,15
3417,35,8
3418,70,30
3420,66,14
3421,20,46
3422,1,42
3423,12,22
3424,64,75
3425,70,23
3426,73,15
3427,42,13
3428,42,6
3429,46,52
3430,3,42
3431,70,14
3432,15,20
3433,71,31
3434,71,37
3435,4,48
3436,30,35
3437,30,34
3438,43,51
3439,62,26
3440,1,55
3441,75,35
3443,1,59
3444,57,16
3445,17,14
3446,70,36
3447,54,44
3448,1,39
3449,27,65
3450,25,17
3451,19,19
3452,19,18
3453,56,43
3454,11,44
3455,11,36
3456,54,48
3457,75,70
3458,33,40
3459,14,29
3460,14,28
3461,54,35
3462,54,28
3463,1,14
3464,43,40
3465,30,51
3466,1,57
3467,1,54
3468,68,60
3469,1,18
3470,52,56
3471,1,41
3472,70,47
3473,70,45
3474,32,39
3475,19,36
3476,60,25
3477,37,28
3478,1,67
3479,1,60
3480,15,42
3481,15,36
3482,71,52
3483,70,53
3484,44,21
3485,77,71
3486,77,31
3487,1,34
3488,1,38
3489,76,27
3490,19,73
3491,19,71
3492,8,23
3493,69,28
3494,42,24
3495,64,52
3496,64,44
3497,39,23
3498,77,55
3499,19,24
3500,29,33
3501,51,29
3502,54,41
3503,54,40
3504,40,41
3505,20,16
3506,1,32
3507,32,47
3508,38,23
3509,38,28
3510,13,54
3511,74,30
3512,49,47
3513,70,71
3514,70,75
3515,61,18
3516,58,22
3517,68,40
3518,33,38
3519,74,44
3520,8,65
3521,4,29
3522,57,30
3523,6,29
3524,68,48
3525,15,19
3526,15,16
3527,77,15
3528,73,23
3529,54,20
3530,16,22
3531,43,73
3532,56,58
3533,1,30
3534,50,22
3535,37,20
3536,55,71
3537,51,47
3538,1,49
3539,36,73
3540,51,57
3541,51,59
3542,10,54
3543,10,52
3544,1,32
3545,68,27
3546,3,22
3547,1,69
3548,1,18
3549,5,56
3550,54,24
3552,44,53
3554,22,28
3555,22,25
3556,6,66
3557,6,65
3558,54,65
3559,57,54
3560,57,49
3562,1,62
3563,1,67
3564,62,45
3565,44,31
3566,65,61
3567,1,45
3568,1,52
3569,67,60
3570,15,48
3571,25,23
3572,48,65
3573,8,21
3574,19,47
3575,9,56
3576,1,54
3577,31,51
3578,72,66
3579,72,63
3580,6,64
3581,33,26
3582,38,38
3583,15,51
3584,15,52
3585,29,25
3586,60,50
3587,60,54
3588,76,40
3589,73,32
3590,23,17
3591,74,63
3592,74,68
3594,13,32
3595,28,28
3596,74,18
3597,10,60
3598,66,70
3599,66,62
3600,46,50
3601,19,55
3602,19,53
3603,42,39
3605,71,59
3606,63,35
3607,18,47
3608,66,46
3609,66,38
3610,36,74
3611,30,21
3612,19,31
3613,19,24
3614,43,22
3615,1,19
3616,77,29
3617,51,39
3618,54,40
3619,40,38
3620,21,56
3621,66,54
3622,66,55
3623,28,28
3624,1,11
3627,18,12
3628,11,66
3629,42,46
3630,64,70
3631,64,72
3632,15,50
3633,72,60
3634,1,70
3635,1,72
3636,46,15
3637,64,34
3638,49,50
3639,73,65
3640,75,15
3641,75,14
3642,19,32
3643,26,13
3644,75,42
3645,34,18
3646,33,50
3647,33,45
3648,3,13
3649,10,34
3650,64,75
3651,35,75
3652,1,73
3653,1,76
3654,25,69
3655,59,25
3656,62,68
3657,62,72
3658,58,69
3659,42,63
3660,65,19
3661,51,61
3662,27,62
3663,69,46
3664,69,42
3667,70,22
3668,70,21
3669,10,31
3670,44,13
3671,10,50
3672,10,45
3673,1,42
3674,17,13
3675,70,41
3676,10,28
3677,10,33
3678,1,59
3679,72,62
3680,72,70
3681,1,72
3682,1,69
3683,74,16
3684,16,32
3685,74,19
3686,61,31
3687,49,21
3688,49,18
3689,9,14
3690,44,33
3691,18,28
3693,15,71
3694,15,73
3695,55,59
3696,55,54
3697,9,39
3698,44,22
3699,1,25
3700,1,17
3701,73,39
3702,76,41
3703,17,62
3704,69,31
3705,1,28
3707,74,52
3708,46,35
3709,46,38
3710,59,65
3711,25,25
3712,56,24
3713,41,49
3714,8,40
3716,74,40
3717,71,68
3718,71,64
3719,54,63
3720,54,57
3721,64,39
3722,1,37
3723,18,25
3724,57,68
3727,33,23
3728,66,57
3729,66,52
3730,59,48
3732,66,47
3733,1,47
3734,15,50
3735,18,55
3736,18,61
3737,12,45
3738,1,15
3739,3,37
3740,46,64
3741,16,57
3742,56,32
3743,56,35
3745,2,22
3746,66,18
3747,1,29
3748,59,63
3749,65,50
3750,1,55
3751,33,27
3752,33,32
3753,1,34
3754,1,46
3755,37,42
3756,12,22
3757,5,71
3758,53,30
3759,53,32
3760,18,38
3761,48,18
3762,60,34
3763,38,16
3764,38,15
3765,45,37
3766,1,13
3767,14,57
3768,14,49
3769,54,36
3770,35,68
3771,48,51
3772,48,57
3773,33,29
3774,1,71
3775,46,65
3776,74,15
3777,74,18
3779,6,44
3780,37,16
3781,17,18
3782,1,13
3783,1,25
3784,1,19
3785,66,73
3786,13,73
3787,21,15
3788,56,38
3789,66,29
3790,48,57
3791,72,54
3792,74,21
3793,39,42
3794,37,17
3795,12,11
3796,3,40
3797,3,42
3798,1,39
3799,2,64
3800,38,39
3801,38,45
3802,67,68
3803,1,63
3804,1,60
3805,68,51
3806,54,26
3807,33,46
3808,57,50
3811,6,41
3812,1,26
3813,2,15
3814,1,48
3815,28,24
3816,1,27
3817,77,56
3818,71,51
3819,71,57
3821,22,54
3822,48,40
3823,63,37
3824,41,22
3825,41,28
3826,33,72
3827,33,70
3829,59,21
3830,18,25
3831,11,75
3832,11,68
3833,19,58
3834,1,17
3835,50,62
3836,77,45
3837,39,72
3838,65,64
3839,65,56
3840,50,60
3841,26,74
3842,74,17
3843,4,51
3844,71,30
3845,1,34
3846,27,13
3847,6,34
3848,45,55
3849,1,61
3850,45,36
3851,45,32
3852,10,41
3853,59,13
3854,24,34
3855,29,54
3856,1,49
3857,72,41
3858,18,45
3859,18,52
3860,74,55
3861,11,42
3862,40,46
3863,1,54
3864,1,62
3865,75,16
3866,75,16
3868,66,31
3869,17,47
3870,4,22
3871,4,14
3872,8,63
3873,23,33
3874,61,51
3875,1,63
3876,1,70
3877,38,37
3880,29,32
3881,45,46
3882,45,51
3883,18,28
3884,72,30
3885,70,53
3886,8,28
3887,67,73
3888,67,77
3890,3,35
3891,75,35
3892,1,14
3893,1,24
3894,29,52
3895,29,48
3896,5,70
3897,16,42
3898,57,45
3899,55,74
3900,55,50
3901,55,42
3902,65,44
3903,1,45
3904,29,54
3905,29,58
3906,64,57
3907,1,39
3908,73,64
3909,73,70
3910,37,74
3911,31,41
3912,1,48
3913,8,42
3914,52,73
3915,20,16
3916,47,23
3917,47,26
3918,5,19
3919,35,51
3920,44,68
3921,28,35
3922,1,65
3923,1,58
3924,56,22
3925,45,57
3926,54,21
3927,61,45
3928,77,65
3929,74,36
3930,1,72
3931,1,72
3932,59,54
3933,59,47
3934,12,25
3935,71,54
3936,36,31
3937,36,30
3938,27,13
3939,40,40
3942,53,41
3943,1,48
3944,8,57
3945,8,62
3946,1,18
3947,23,26
3948,44,14
3949,44,19
3950,38,69
3951,38,73
3952,52,28
3953,14,68
3954,64,36
3955,64,33
3956,21,18
3957,21,22
3958,37,47
3959,30,23
3960,8,29
3961,53,50
3962,74,41
3963,76,19
3964,74,51
3965,1,30
3966,1,24
3967,18,33
3968,18,38
3969,4,42
3970,46,13
3971,1,27
3972,1,63
3973,1,11
3974,68,55
3975,1,39
3976,43,26
3977,8,18
3978,18,23
3979,54,65
3980,1,40
3981,19,14
3982,45,74
3983,1,67
3984,1,29
3985,75,14
3987,67,33
3988,53,19
3989,53,13
3990,29,20
3991,11,26
3992,71,45
3993,14,13
3994,21,28
3995,1,45
3996,36,46
3997,13,66
3998,59,43
3999,30,17
4000,40,36
4001,69,37
4002,25,73
4003,8,44
4004,30,36
4006,25,15
4007,23,45
4008,23,42
4009,4,27
4010,4,45
4011,62,36
4012,56,37
4013,1,42
4014,17,13
4015,65,21
4016,13,22
4017,13,29
4018,3,13
4019,11,48
4020,45,40
4021,45,45
4022,1,67
4023,1,68
4024,3,29
4025,3,22
4026,76,48
4027,16,28
4028,16,23
4029,17,26
4030,44,17
4031,67,18
4032,35,29
4033,51,68
4034,58,56
4035,58,63
4036,25,17
4037,1,27
4040,59,32
4041,59,39
4042,1,54
4043,70,40
4044,44,63
4046,1,49
4047,1,56
4048,4,70
4049,4,48
4050,47,45
4051,74,44
4052,74,43
4053,70,64
4054,72,34
4055,74,40
4056,63,41
4057,70,71
4059,54,69
4060,44,39
4061,8,15
4062,71,43
4063,61,27
4064,61,21
4065,73,51
4066,30,57
4067,21,34
4068,11,69
4069,68,34
4070,68,34
4071,45,51
4072,45,52
4073,24,38
4074,24,35
4075,8,49
4076,49,24
4077,68,38
4078,23,42
4079,27,38
4080,21,50
4081,9,15
4082,58,32
4083,74,25
4084,55,36
4085,55,41
4086,63,52
4087,64,47
4088,68,45
4089,68,46
4090,23,22
4091,29,11
4092,14,60
4093,1,47
4094,2,14
4095,25,19
4096,25,13
4098,13,55
4099,12,48
4100,74,38
4101,1,23
4102,4,24
4103,4,28
4104,23,74
4105,16,13
4106,1,57
4107,49,39
4108,43,67
4109,63,40
4112,38,19
4113,76,46
4114,63,29
4115,33,50
4116,36,57
4117,53,75
4118,28,15
4119,62,31
4120,62,32
4121,23,70
4122,39,24
4123,39,27
4124,19,30
4125,31,71
4126,74,18
4127,74,23
4129,75,41
4131,48,17
4132,42,31
4133,42,28
4134,1,39
4136,31,34
4137,21,44
4138,11,25
4139,74,24
4140,70,30
4141,9,23
4142,36,33
4143,27,38
4144,27,38
4145,73,71
4146,9,38
4147,64,21
4148,64,25
4149,1,14
4150,1,16
4151,73,67
4152,73,66
4153,32,37
4154,32,40
4155,1,70
4156,5,31
4157,1,21
4158,35,73
4159,35,80
4160,16,24
4161,22,21
4163,4,42
4164,45,69
4165,53,38
4166,1,46
4167,6,44
4169,58,13
4170,58,10
4171,1,13
4172,1,48
4173,52,15
4174,63,66
4175,13,28
4176,32,71
4177,34,58
4178,32,67
4179,54,73
4180,63,61
4181,76,29
4182,16,52
4183,16,53
4184,8,18
4185,51,29
4186,38,15
4187,25,26
4188,1,17
4189,64,52
4190,17,51
4191,32,36
4192,72,62
4193,8,56
4194,63,53
4195,63,48
4196,55,42
4198,23,39
4199,23,32
4201,3,16
4202,3,23
4203,1,26
4204,1,33
4205,30,58
4206,22,51
4207,70,55
4209,70,60
4210,40,14
4211,22,20
4212,53,48
4213,64,68
4214,64,72
4215,49,41
4217,9,42
4218,48,54
4219,51,49
4220,33,30
4221,63,52
4222,60,65
4223,54,23
4224,42,16
4225,76,16
4226,31,36
4227,51,30
4229,36,32
4230,74,32
4231,1,34
4232,70,22
4233,46,55
4234,70,21
4235,9,18
4236,42,31
4237,16,70
4238,41,22
4239,70,73
4240,46,33
4241,20,43
4242,20,39
4243,7,35
4244,68,71
4245,68,74
4246,36,13
4247,26,18
4248,9,18
4249,52,16
4250,72,32
4251,44,33
4252,44,40
4253,16,57
4254,65,21
4255,66,68
4256,70,36
4257,1,25
4258,44,27
4259,10,44
4260,12,26
4261,34,69
4262,59,68
4263,73,21
4264,74,22
4265,59,15
4266,1,19
4267,24,57
4268,24,65
4269,45,38
4270,58,21
4271,58,29
4272,42,15
4273,18,17
4274,70,56
4275,49,36
4276,74,20
4277,74,14
4278,33,44
4279,51,44
4280,55,49
4281,54,62
4282,3,61
4283,27,69
4284,68,47
4285,68,48
4286,6,28
4287,62,40
4288,70,47
4289,66,12
4290,32,46
4291,58,42
4292,72,41
4293,4,34
4294,4,37
4295,18,33
4296,57,68
4297,57,65
4298,33,73
4299,50,16
4300,1,16
4301,14,37
4302,30,49
4303,21,15
4304,5,48
4305,40,54
4306,40,53
4307,1,16
4308,44,23
4309,39,14
4310,65,68
4311,59,12
4312,72,14
4313,53,25
4314,58,68
4315,74,34
4316,1,50
4317,53,15
4318,43,51
4319,43,47
4320,66,35
4321,19,20
4322,19,23
4323,40,69
4324,40,75
4325,55,46
4326,1,63
4327,1,56
4328,59,17
4329,64,46
4330,33,72
4331,5,34
4332,57,57
4333,1,35
4334,1,39
4335,54,69
4336,19,24
4337,48,27
4338,30,49
4339,59,16
4340,1,44
4341,76,29
4342,63,75
4343,27,64
4344,54,68
4345,18,19
4346,3,20
4347,54,67
4348,3,15
4349,1,34
4350,1,27
4352,72,22
4353,28,14
4354,28,7
4355,1,55
4358,70,51
4359,64,43
4360,19,28
4361,46,38
4362,50,50
4363,50,42
4364,22,16
4365,10,32
4367,14,11
4368,32,16
4369,53,28
4370,59,54
4371,32,25
4372,3,60
4373,51,42
4376,70,39
4377,48,15
4380,1,62
4381,56,34
4382,18,13
4383,21,30
4384,10,20
4385,21,21
4386,53,48
4387,52,47
4388,4,57
4389,10,67
4390,7,21
4393,1,52
4394,64,18
4395,36,35
4396,63,19
4397,63,20
4398,77,35
4399,61,26
4400,54,34
4401,8,25
4402,23,64
4403,36,55
4404,31,42
4405,47,34
4406,1,39
4407,70,18
4408,62,70
4409,62,65
4410,24,17
4411,54,43
4412,54,41
4413,74,16
4414,50,60
4415,4,16
4416,67,23
4417,1,17
4418,28,23
4420,55,36
4421,1,49
4422,76,50
4423,27,75
4424,21,60
4425,21,57
4426,26,24
4427,30,53
4428,38,39
4429,64,48
4430,64,55
4431,58,63
4432,1,29
4433,1,25
4434,64,29
4435,64,28
4436,27,73
4437,70,32
4438,70,36
4439,70,18
4440,33,45
4441,33,50
4442,23,72
4444,77,24
4445,77,29
4446,71,43
4447,71,36
4448,72,51
4449,8,44
4450,67,44
4451,50,66
4452,70,69
4453,61,17
4454,61,17
4455,70,17
4456,30,57
4457,1,50
4458,22,43
4459,1,31
4460,1,36
4461,54,36
4462,1,16
4463,76,70
4464,53,29
4465,74,56
4466,75,71
4467,20,49
4468,20,49
4469,8,20
4471,64,18
4472,74,28
4473,1,49
4474,3,29
4476,3,66
4477,74,36
4478,74,41
4479,2,35
4480,74,30
4481,1,18
4482,56,14
4483,63,27
4484,37,38
4485,36,74
4486,36,79
4487,22,19
4488,22,22
4489,76,45
4490,76,37
4491,2,16
4492,16,28
4493,33,46
4494,54,41
4495,66,14
4496,10,22
4497,10,29
4498,31,62
4499,31,64
4500,17,69
4501,70,46
4502,21,61
4503,21,65
4504,33,28
4505,33,27
4506,11,39
4507,1,23
4508,54,72
4509,54,73
4510,34,55
4511,51,48
4512,1,30
4514,65,53
4515,59,73
4516,1,32
4518,39,41
4519,70,42
4520,1,36
4521,1,50
4522,68,43
4523,68,41
4524,77,36
4525,77,29
4526,70,23
4527,1,30
4528,28,71
4529,37,17
4530,37,9
4531,64,29
4532,39,40
4533,64,13
4534,38,39
4535,1,62
4536,41,46
4539,55,51
4540,69,57
4541,32,22
4542,29,39
4543,1,52
4544,52,38
4545,3,57
4546,23,42
4547,9,50
4548,7,35
4549,10,73
4550,72,51
4551,60,69
4552,60,74
4553,1,48
4554,70,56
4555,52,33
4556,74,23
4557,44,61
4558,44,65
4559,35,35
4560,9,30
4561,40,25
4562,25,28
4563,10,22
4564,10,18
4565,14,45
4567,70,56
4568,70,11
4569,6,22
4570,1,54
4571,1,26
4572,28,57
4573,5,38
4574,20,27
4575,36,29
4576,53,35
4577,64,44
4578,15,17
4579,74,54
4580,30,49
4581,1,37
4582,44,75
4583,61,52
4584,7,44
4585,9,45
4586,9,42
4587,36,15
4588,53,17
4589,2,17
4590,1,57
4591,43,60
4592,1,38
4593,72,61
4594,1,53
4595,1,53
4596,74,20
4597,1,41
4598,25,52
4599,25,46
4600,70,26
4601,1,58
4602,1,59
4603,69,47
4604,67,25
4605,18,13
4606,8,56
4607,74,17
4608,41,48
4609,7,17
4610,34,27
4611,1,40
4612,44,33
4615,56,42
4617,45,16
4618,45,21
4619,77,52
4620,54,53
4621,54,47
4622,50,21
4623,68,26
4624,48,27
4625,48,26
4626,3,46
4627,1,51
4628,1,55
4629,76,70
4630,76,78
4631,8,60
4632,1,65
4633,62,13
4634,67,53
4635,67,57
4636,48,16
4637,61,24
4638,33,25
4639,20,13
4640,75,37
4641,33,35
4642,33,33
4643,1,24
4644,20,62
4647,8,15
4648,33,29
4649,45,65
4650,54,28
4651,2,14
4652,53,31
4653,4,47
4654,2,43
4655,2,46
4656,1,51
4657,15,52
4658,33,58
4659,50,34
4660,60,18
4661,1,49
4662,1,66
4663,72,51
4664,38,72
4665,9,67
4666,9,65
4667,25,52
4668,25,55
4670,51,25
4671,51,21
4672,44,44
4673,69,41
4674,59,15
4675,23,18
4677,3,72
4678,21,25
4679,20,45
4680,72,14
4681,1,44
4682,1,40
4683,51,37
4684,1,40
4685,62,29
4686,39,49
4687,16,46
4688,16,53
4689,50,30
4690,66,31
4691,66,29
4692,76,38
4693,42,50
4694,42,50
4695,52,68
4696,52,60
4697,27,36
4698,45,30
4699,13,30
4700,70,56
4701,22,52
4704,12,38
4705,1,38
4706,58,50
4707,58,53
4708,18,43
4709,54,15
4710,52,32
4711,52,38
4712,37,33
4713,13,75
4714,13,82
4715,15,17
4716,10,60
4717,32,49
4718,2,61
4719,23,56
4720,33,47
4721,65,37
4722,8,21
4723,1,52
4724,53,20
4725,34,48
4726,34,41
4727,74,23
4728,74,23
4729,18,48
4730,68,73
4731,52,20
4732,70,75
4733,1,38
4734,72,68
4735,72,71
4736,56,50
4737,24,12
4739,37,33
4740,28,16
4741,74,64
4742,61,44
4743,61,37
4744,6,64
4745,68,45
4746,39,52
4747,76,71
4748,76,65
4749,57,45
4750,70,31
4751,35,20
4752,7,54
4753,7,59
4754,27,54
4755,71,39
4756,22,43
4757,22,48
4758,50,20
4759,50,13
4760,70,58
4761,70,59
4762,76,22
4763,77,49
4764,54,14
4765,48,58
4766,22,26
4767,26,75
4768,1,33
4769,22,70
4770,22,69
4771,64,32
4772,6,43
4773,33,41
4774,59,42
4775,59,45
4776,1,19
4777,64,64
4778,64,71
4779,52,15
4780,54,21
4781,9,27
4782,25,27
4783,31,15
4784,42,73
4785,42,72
4786,54,55
4787,36,31
4788,39,13
4789,24,53
4790,75,47
4791,51,57
4792,20,36
4793,55,47
4794,20,48
4795,74,68
4796,7,65
4797,59,53
4798,37,31
4799,75,47
4800,75,40
4801,23,15
4802,75,22
4803,45,48
4804,51,63
4805,1,58
4806,19,49
4807,25,45
4808,23,12
4809,19,63
4810,19,58
4811,77,22
4812,1,68
4813,43,25
4814,54,31
4815,15,23
4816,15,19
4817,12,24
4818,1,61
4819,62,29
4820,2,24
4821,35,54
4822,35,48
4823,7,11
4824,54,53
4826,25,16
4831,27,35
4832,56,36
4833,30,22
4836,49,41
4837,56,26
4853,58,54
4861,57,16
4862,1,50
4863,1,19
4877,45,36
4882,36,15
4886,23,14
4892,26,24
4901,72,43
4904,38,32
4906,64,17
4907,64,19
4915,40,30
4916,52,54
4918,11,25
4919,49,42
4923,66,31
4925,45,42
4927,72,38
4928,9,17
4929,74,50
4930,1,12
4937,54,33
4941,60,14
4942,38,34
4944,58,11
4949,54,11
4956,6,47
4959,77,14
4961,54,11
4968,50,55
4969,64,25
4972,70,16
4974,5,31
4975,5,32
4976,36,12
4979,7,56
4989,28,58
4992,55,21
4993,1,20
4994,1,15
5002,65,16
5010,42,43
5012,27,21
5013,1,13
5016,1,47
5028,28,17
5030,1,13
5046,1,56
5050,62,42
5056,67,36
5067,21,18
5072,1,12
5081,1,32
5093,55,44
5107,50,46
5108,50,49
5111,50,34
5117,52,18
5126,43,28
5127,33,18
5128,70,30
5132,51,26
5133,66,34
5134,58,26
5137,5,14
5138,45,19
5141,54,40
5143,77,20
5144,77,27
5145,26,43
5149,15,31
5152,43,18
5159,39,29
5163,43,36
5164,9,22
5171,64,37
5175,63,44
5180,1,50
5189,74,32
5200,33,33
5201,33,39
5203,61,48
5204,47,30
5212,72,47
5213,1,13
5214,47,17
5215,47,20
5217,74,53
5223,2,16
5224,29,44
5232,74,45
5233,66,26
5236,25,15
5237,1,16
5240,74,53
5241,63,15
5243,2,23
5245,38,51
5246,70,11
5247,47,50
5249,5,22
5253,69,47
5254,69,45
5263,1,31
5273,39,34
5275,28,43
5277,44,25
5281,73,52
5283,17,11
5284,51,22
5287,77,22
5308,41,19
5312,71,46
5313,71,46
5318,74,25
5319,74,29
5320,17,42
5321,17,43
5322,73,37
5323,14,17
5325,66,23
5326,66,26
5333,39,26
5334,48,58
5337,1,32
5338,1,27
5347,41,44
5352,40,17
5353,48,26
5354,30,26
5358,54,51
5362,47,54
5364,62,29
5365,62,22
5366,60,22
5367,60,14
5374,63,46
5376,14,23
5379,60,15
5384,73,58
5385,67,19
5389,17,25
5392,16,38
5393,4,38
5395,45,31
5397,72,24
5398,72,26
5399,24,21
5402,30,25
5404,58,17
5409,15,45
5413,33,47
5420,61,58
5433,50,18
5441,18,36
5445,69,41
5450,8,53
5460,63,32
5461,9,25
5462,9,30
5468,68,49
5469,63,14
5472,53,37
5473,70,25
5478,33,48
5487,56,46
5517,57,29
5521,9,20
5526,27,46
5527,27,52
5530,12,40
5531,4,14
5539,74,58
5563,1,17
5565,3,27
5574,9,23
5579,77,42
5580,77,41
5606,4,13
5617,56,35
5618,63,40
5642,70,36
5684,8,38
5699,73,43
5701,2,34
5704,66,18
5722,64,34
5727,54,40
5736,1,40
5753,39,45
5760,66,45
5761,66,52
5774,46,33
5775,46,38
5788,72,31
5801,26,14
5826,15,25
5827,15,18
5858,52,41
5859,52,48
5860,47,29
5866,67,15
5873,5,14
5911,14,58
5928,42,23
5965,50,42
5977,43,14
5978,33,49
6001,60,56
6015,54,20
6033,1,27
6034,20,54
6039,1,35
6040,1,30
6042,53,30
6052,40,44
6067,70,43
6077,54,13
6112,43,35
6114,66,53
6115,13,40
6122,6,25
6144,54,37
6175,72,29
6178,1,53
6183,1,30
6185,58,45
6186,58,41
6191,74,41
6196,68,50
6235,5,53
6255,54,47
6256,54,52
6257,75,51
6272,1,51
6275,13,37
6299,1,57
6301,55,44
6317,77,36
6318,77,43
6342,8,39
6349,72,21
6359,64,17
6363,4,20
6366,49,27
6367,44,23
6383,15,23
6391,34,41
6408,47,37
6417,40,43
6422,28,33
6452,64,51
6468,70,49
6469,4,40
6473,76,53
6474,76,59
6478,3,42
6481,1,35
6485,48,31
6499,44,30
6501,1,23
6511,47,40
6544,66,19
6545,66,15
6546,1,30
6551,24,45
6552,71,38
6567,5,15
6571,72,22
6604,72,45
6610,57,39
6616,1,40
6619,43,50
6644,1,34
6691,43,51
6698,43,41
6729,15,36
6731,13,50
6749,9,50
6750,9,47
6753,15,31
6764,19,49
6789,57,14
6798,61,45
6803,5,13
6804,5,12
6827,59,24
6829,10,30
6844,53,22
6886,66,51
6892,1,42
6893,1,49
6895,42,22
6906,64,44
6922,14,54
6924,17,26
6936,52,34
6944,43,23
6946,74,23
6967,44,40
6978,38,28
6987,1,25
7010,70,26
7011,70,32
7043,77,53
7065,5,22
7100,30,32
7102,75,26
7112,76,32
7127,3,36
7150,45,30
7166,15,29
7186,27,49
7195,50,31
7234,28,28
7241,57,36
7286,47,23
7291,77,53
7299,1,55
7311,56,44
7324,1,30
7325,24,18
7327,49,34
7339,19,19
7348,6,16
7366,29,20
7390,1,56
7411,54,30
7412,54,38
7422,74,35
7423,74,29
7434,34,51
7435,67,36
7521,74,33
7567,5,56
7576,38,31
7586,56,20
7594,64,44
7614,64,16
7632,1,45
7672,26,40
7678,3,31
7683,12,47
7723,48,27
7724,48,25
7727,31,35
7753,70,15
7765,1,35
7772,1,17
7787,34,42
7796,50,18
7797,50,23
7800,16,36
7814,61,17
7815,4,47
7843,6,27
7855,7,29
7862,74,28
7863,72,34
7864,34,58
7914,38,27
7959,1,15
7970,74,26
7980,16,17
8013,43,51
8030,1,26
8064,54,27
8074,61,35
8076,16,43
8089,35,28
8091,5,22
8096,38,14
8105,72,30
8130,62,17
8200,1,49
8217,69,15
8276,43,14
8287,14,57
8295,15,42
8327,48,48
8333,60,27
8342,76,14
8356,3,24
8359,74,14
8362,74,18
8366,41,33
8392,36,27
8393,36,27
8432,38,25
8433,38,32
8463,75,46
8489,75,41
8502,51,50
8506,69,14
8510,55,46
8548,57,48
8568,1,22
8571,54,58
8598,46,36
8610,55,45
8611,55,45
8615,12,54
8636,71,52
8661,1,39
8666,7,22
8667,77,26
8670,5,50
8677,49,38
8678,49,31
8692,71,40
8726,10,40
8737,17,45
8738,17,45
8764,70,53
8777,11,40
9173,1,48
9174,1,53
9196,21,54
9202,68,31
9217,19,53
9226,64,54
9231,29,21
9236,31,37
9250,1,30
9273,39,38
9274,39,35
9276,4,47
9313,9,33
9316,63,35
9340,54,26
9346,43,21
9362,56,20
9366,72,18
9370,59,18
9403,16,19
9417,21,44
9418,1,43
9419,1,43
9427,62,23
9428,62,28
9433,72,48
9450,68,50
9451,68,51
9456,40,52
9457,46,15
9458,46,20
9505,1,35
9546,50,38
9555,13,46
9569,19,43
9582,2,51
9593,74,25
9606,52,44
9611,23,35
9616,74,31
9641,64,48
9642,64,56
9663,19,48
9664,19,49
9670,38,45
9675,60,23
9680,36,16
9702,33,42
9715,35,16
9717,52,41
9718,52,34
9721,34,39
9755,23,42
9760,27,24
9775,70,33
9776,70,32
9798,69,43
9820,59,25
9833,51,29
9834,51,33
9844,55,48
9845,55,50
9846,54,26
9872,9,26
9880,10,23
9914,36,51
9915,27,26
9929,47,26
9930,9,21
9933,74,52
9945,31,25
9946,31,33
9973,24,48
9987,73,43
9995,54,35
9997,67,31
10023,59,20
10040,37,25
10041,37,25
10043,45,28
10046,5,47
10066,64,30
10070,9,19
10075,48,29
10076,26,24
10077,26,20
10090,29,13
10095,1,17
10096,1,15
10145,4,28
10159,50,55
10198,31,17
10199,31,14
10200,13,13
10201,13,8
10209,59,18
10269,70,53
10273,51,35
10274,51,37
10275,77,23
10276,77,17
10282,1,14
10287,48,31
10288,48,34
10303,64,31
10350,29,32
10351,29,35
10355,14,17
10382,20,28
10389,20,50
10459,17,29
10475,51,45
10476,51,43
10479,2,38
10492,70,56
10510,23,48
10511,23,43
10517,54,13
10528,47,41
10543,14,48
10555,1,58
10563,68,44
10564,68,39
10566,74,51
10636,64,22
10639,2,39
10654,46,31
10662,60,44
10702,17,55
10703,17,50
10714,66,47
10746,53,22
10777,70,13
10778,70,17
10798,1,13
10813,1,14
10818,64,21
10828,1,36
10912,15,30
10960,28,51
10963,1,49
10987,62,32
10988,62,29
10997,1,21
10998,1,26
11004,63,46
11008,51,24
11034,1,21
11050,70,36
11063,64,38
11064,64,40
11083,61,40
11093,40,34
11105,70,36
11114,1,41
11121,72,22
11122,72,14
11123,47,45
11126,1,28
11130,1,32
11131,1,36
11136,3,49
11147,5,21
11149,43,28
11195,58,40
11208,10,36
11250,26,47
11252,32,28
11266,9,55
11267,9,57
11271,18,56
11274,64,24
11275,64,30
11286,56,53
11304,28,33
11314,45,57
11319,1,51
11327,72,46
11329,69,32
11331,70,49
11337,29,24
11359,11,21
11360,11,21
11362,51,27
11371,37,52
11372,11,32
11379,74,41
11380,74,42
11381,57,14
11405,68,29
11406,68,23
11409,32,13
11461,70,19
11491,36,35
11497,11,34
11516,59,55
11517,59,53
11545,1,27
11574,1,49
11596,70,53
11598,54,16
11609,59,36
11637,73,42
11638,73,39
11662,76,21
11676,5,50
11683,7,13
11685,64,28
11686,21,45
11687,21,48
11701,9,44
11709,1,32
11710,1,26
11713,59,42
11714,59,48
11732,19,36
11754,62,27
11755,4,48
11768,1,22
11794,31,23
11795,31,16
11804,74,49
11851,65,23
11855,11,36
11857,70,41
11860,70,68
11866,1,56
11867,1,59
11873,38,30
11874,1,24
11875,1,26
11886,61,52
11906,76,49
11907,76,48
11911,8,54
11943,1,32
11947,70,29
11976,54,54
11977,54,49
11978,54,22
11979,54,16
12003,74,17
12050,52,50
12051,52,57
12079,64,21
12092,68,16
12095,47,54
12102,21,25
12133,27,29
12144,2,13
12145,2,11
12163,1,39
12181,1,32
12220,60,22
12221,60,22
12303,24,19
12308,64,15
12324,8,15
12325,8,29
12328,1,49
12344,26,53
12358,17,50
12359,17,58
12376,4,34
12378,76,47
12382,1,38
12383,1,30
12396,62,23
12397,62,20
12416,1,20
12417,1,19
12432,55,28
12464,39,34
12468,22,24
12485,34,28
12490,34,13
12547,70,30
12561,38,27
12568,44,37
12577,62,43
12586,27,46
12599,44,37
12616,27,28
12625,54,35
12643,69,31
12662,14,40
12695,68,14
12726,8,48
12729,36,25
12730,36,29
12738,23,33
12739,23,35
12750,21,53
12754,55,33
12755,55,34
12756,22,44
12802,1,24
12810,39,29
12840,60,54
12843,66,40
12844,45,47
12850,72,38
12851,72,36
12859,1,17
12890,70,35
12908,12,52
12943,55,23
12986,40,20
12991,51,46
13044,52,17
13051,55,28
13071,41,37
13089,16,14
13090,2,13
13095,76,43
13098,1,15
13102,8,44
13113,11,17
13123,56,15
13134,1,31
13151,73,35
13171,19,43
13172,36,55
13190,71,37
13201,31,56
13231,1,34
13246,46,51
13260,72,16
13261,75,49
13262,75,55
13276,76,16
13285,34,58
13290,16,52
13291,16,53
13346,50,37
13380,65,51
13404,48,27
13405,32,35
13406,42,15
13412,1,39
13417,25,42
13447,13,23
13448,13,25
13451,44,38
13468,25,33
13469,25,38
13480,16,40
13490,18,24
13539,63,15
13548,1,17
13556,32,35
13576,72,19
13588,46,19
13590,59,16
13603,46,52
13608,37,30
13620,16,23
13640,28,38
13657,59,30
13658,59,36
13673,39,22
13687,75,34
13690,70,30
13694,1,17
13750,12,13
13751,12,14
13803,1,46
13820,33,45
13845,15,20
13852,5,21
13886,44,39
13912,50,18
13915,77,19
13921,62,23
13923,7,14
13924,54,41
13931,8,51
13955,1,48
13956,1,50
13968,61,25
13971,67,31
13998,74,40
